{"sections":{"main":{"type":"main-article","blocks":{"featured_image":{"type":"featured_image","settings":{"image_height":"large"}},"title":{"type":"title","settings":{"blog_show_date":true,"blog_show_author":false}},"content":{"type":"content","settings":{}},"share":{"type":"share","settings":{"share_label":"Delen"}}},"block_order":["featured_image","title","content","share"],"settings":{}},"newsletter":{"type":"newsletter","blocks":{"heading":{"type":"heading","disabled":true,"settings":{"heading":"Subscribe to our emails","heading_size":"h1"}},"paragraph":{"type":"paragraph","disabled":true,"settings":{"text":"<p>Subscribe to our mailing list for insider news, product launches, and more.<\/p>"}},"email-form":{"type":"email_form","disabled":true,"settings":{}}},"block_order":["heading","paragraph","email-form"],"settings":{"color_scheme":"accent-1","full_width":true,"padding_top":64,"padding_bottom":52}},"1663574173207d8475":{"type":"slideshow","blocks":{"16635741734408d1f4-0":{"type":"slide","settings":{"image":"shopify:\/\/shop_images\/E877036B-1432-464D-9E68-802C0DBC29DA.jpg","heading":"Soft Playground Nanny Service","heading_size":"h1","subheading":"Reserveer een nanny voor de optimale service!","button_label":"Reserveer","link":"shopify:\/\/products\/softplay-nanny-8-uur-lang","button_style_secondary":false,"box_align":"middle-center","show_text_box":true,"text_alignment":"center","image_overlay_opacity":0,"color_scheme":"background-1","text_alignment_mobile":"center"}},"16635741734408d1f4-1":{"type":"slide","disabled":true,"settings":{"image":"shopify:\/\/shop_images\/36DF1A88-1E1C-42D6-9A64-0D0449BAD47C.jpg","heading":"Soft Playground","heading_size":"h1","subheading":"","button_label":"Reserveer","link":"shopify:\/\/products\/playground-basis-pakket","button_style_secondary":false,"box_align":"middle-center","show_text_box":true,"text_alignment":"center","image_overlay_opacity":0,"color_scheme":"background-1","text_alignment_mobile":"center"}},"672b003c-981f-490f-8007-8b56021ee1df":{"type":"slide","disabled":true,"settings":{"image":"shopify:\/\/shop_images\/41BDA069-79CB-4AA4-84E0-0D18285353D1.jpg","heading":"Kasteel springkussen","heading_size":"h1","subheading":"Kasteel springkussen met ballenbak","button_label":"Reserveer","link":"shopify:\/\/products\/springkussen-kasteel-met-ballenbad","button_style_secondary":false,"box_align":"middle-center","show_text_box":true,"text_alignment":"center","image_overlay_opacity":0,"color_scheme":"background-1","text_alignment_mobile":"center"}}},"block_order":["16635741734408d1f4-0","16635741734408d1f4-1","672b003c-981f-490f-8007-8b56021ee1df"],"settings":{"layout":"full_bleed","slide_height":"adapt_image","slider_visual":"counter","auto_rotate":false,"change_slides_speed":5,"show_text_below":true,"accessibility_info":""}}},"order":["main","newsletter","1663574173207d8475"]}