{"sections":{"main-collection-banner":{"type":"main-collection-banner","settings":{"show_collection_description":true,"show_collection_image":true,"color_scheme":"background-2"}},"main-collection-product-grid":{"type":"main-collection-product-grid","settings":{"products_per_page":12,"columns_desktop":1,"image_ratio":"square","show_secondary_image":false,"show_vendor":false,"show_rating":false,"enable_quick_add":false,"enable_filtering":false,"filter_type":"vertical","enable_sorting":true,"columns_mobile":"1","padding_top":100,"padding_bottom":100}},"newsletter":{"type":"newsletter","blocks":{"heading":{"type":"heading","disabled":true,"settings":{"heading":"Meld je aan voor onze nieuwsbrief en ontvang 50% korting op uw eerste boeking!","heading_size":"h2"}},"paragraph":{"type":"paragraph","disabled":true,"settings":{"text":"<p>Subscribe to our mailing list for insider news, product launches, and more.<\/p>"}},"email-form":{"type":"email_form","disabled":true,"settings":{}}},"block_order":["heading","paragraph","email-form"],"settings":{"color_scheme":"accent-1","full_width":true,"padding_top":64,"padding_bottom":52}}},"order":["main-collection-banner","main-collection-product-grid","newsletter"]}