{"sections":{"41ff5a93-d4dc-4502-832f-68d2336fe662":{"type":"image-banner","settings":{"image":"shopify:\/\/shop_images\/36DF1A88-1E1C-42D6-9A64-0D0449BAD47C.jpg","image_overlay_opacity":30,"image_height":"medium","adapt_height_first_image":false,"desktop_content_position":"middle-center","show_text_box":true,"desktop_content_alignment":"center","color_scheme":"background-1","mobile_content_alignment":"center","stack_images_on_mobile":true,"show_text_below":true}},"rich_text":{"type":"rich-text","blocks":{"heading":{"type":"heading","settings":{"heading":"<p>Exclusieve soft playground voor 100% speel plezier!<br\/>{{ shop.brand.slogan }}<\/p>","heading_size":"h1"}},"text":{"type":"text","settings":{"text":"<p><strong>✨Organiseert u een feest waar ook kinderen bij aanwezig zullen zijn? Schakel Event Playground NL in!<\/strong><\/p><p><em>Kinderen zorgen op feesten voor gezelligheid, maar vaak ook voor veel drukte. Om optimaal te kunnen genieten op een feest\/event voor ouder en kind biedt Event Playground NL uitkomst en wordt uw feest voor zowel de kinderen als de volwassenen onvergetelijk!!<\/em><\/p>"}},"30828e8d-ac85-484b-8ef3-cccdb5cf1710":{"type":"button","settings":{"button_label":"RESERVEER NU VOOR EEN ONVERGETELIJKE EVENT!","button_link":"shopify:\/\/collections\/producten","button_style_secondary":true,"button_label_2":"","button_link_2":"","button_style_secondary_2":false}},"a4faca93-41b5-4b0c-be80-ae7c731b9646":{"type":"caption","disabled":true,"settings":{"caption":"Organiseert u een feest waar ook kinderen bij aanwezig zullen zijn? Schakel de Event Playground Nl in! Kinderen op feesten zorgen voor gezelligheid, maar vaak ook voor veel drukte. Zij rennen soms rond, vervelen zich, jengelen of halen kattekwaad uit. Ouders moeten hun kinderen in de gaten houden en genieten zo minder van het feest. De Event Playground NL biedt uitkomst en maakt uw feest voor zowel de kinderen als de volwassenen leuker!","text_style":"caption-with-letter-spacing","text_size":"medium"}},"3f20bfae-a6b2-4d39-80ab-f6939c8d367d":{"type":"caption","disabled":true,"settings":{"caption":"Add a tagline","text_style":"caption-with-letter-spacing","text_size":"medium"}},"d7bfbd50-ad6c-4c04-81d8-1eeec2795f0e":{"type":"caption","disabled":true,"settings":{"caption":"Add a tagline","text_style":"caption-with-letter-spacing","text_size":"medium"}}},"block_order":["heading","text","30828e8d-ac85-484b-8ef3-cccdb5cf1710","a4faca93-41b5-4b0c-be80-ae7c731b9646","3f20bfae-a6b2-4d39-80ab-f6939c8d367d","d7bfbd50-ad6c-4c04-81d8-1eeec2795f0e"],"settings":{"desktop_content_position":"center","content_alignment":"center","color_scheme":"background-1","full_width":true,"padding_top":28,"padding_bottom":64}},"collage-0":{"type":"collage","blocks":{"collection-0":{"type":"collection","disabled":true,"settings":{"collection":"frontpage"}},"collection-1":{"type":"image","disabled":true,"settings":{"image":"shopify:\/\/shop_images\/3AAC13DF-0B96-4AD5-8413-5F670E3F5420.jpg","image_padding":true}},"80bcaa42-ec50-4704-87d7-2c48fcdb5b82":{"type":"product","disabled":true,"settings":{"product":"playground-deluxe","second_image":false}}},"block_order":["collection-0","collection-1","80bcaa42-ec50-4704-87d7-2c48fcdb5b82"],"settings":{"heading":"Reserveer Snel voor 100% speel plezier!","heading_size":"h2","desktop_layout":"right","mobile_layout":"collage","color_scheme":"background-1","padding_top":36,"padding_bottom":0}},"collage":{"type":"collage","disabled":true,"blocks":{"collection":{"type":"collection","disabled":true,"settings":{"collection":""}},"image-0":{"type":"image","disabled":true,"settings":{"image":"shopify:\/\/shop_images\/1BA4E81B-2305-4A10-947F-863EF483D2F6.jpg","image_padding":false}},"image-1":{"type":"image","settings":{"image":"shopify:\/\/shop_images\/41BDA069-79CB-4AA4-84E0-0D18285353D1.jpg","image_padding":false}}},"block_order":["collection","image-0","image-1"],"settings":{"heading":"Multimedia collage","heading_size":"h2","desktop_layout":"left","mobile_layout":"collage","color_scheme":"background-1","padding_top":36,"padding_bottom":36}},"featured-blog":{"type":"featured-blog","disabled":true,"settings":{"heading":"From the blog","heading_size":"h2","blog":"news","post_limit":3,"columns_desktop":3,"color_scheme":"background-1","show_image":true,"show_date":true,"show_author":false,"show_view_all":false,"padding_top":24,"padding_bottom":88}},"newsletter":{"type":"newsletter","blocks":{"heading":{"type":"heading","disabled":true,"settings":{"heading":"Schrijf je in voor onze nieuwsbrief!","heading_size":"h1"}},"paragraph":{"type":"paragraph","disabled":true,"settings":{"text":"<p>Schrijf je nu in voor onze nieuwsbrief en ontvang 50€ korting op uw eerste boeking! <\/p>"}},"email_form":{"type":"email_form","disabled":true,"settings":{}}},"block_order":["heading","paragraph","email_form"],"settings":{"color_scheme":"accent-1","full_width":true,"padding_top":64,"padding_bottom":52}},"166281427682a7c53a":{"type":"collection-list","disabled":true,"blocks":{"1662814276afcc01d2-1":{"type":"featured_collection","settings":{"collection":""}},"1662814276afcc01d2-2":{"type":"featured_collection","settings":{"collection":""}}},"block_order":["1662814276afcc01d2-1","1662814276afcc01d2-2"],"settings":{"title":"Collections","heading_size":"h1","image_ratio":"square","columns_desktop":3,"color_scheme":"background-1","show_view_all":false,"columns_mobile":"1","swipe_on_mobile":false,"padding_top":36,"padding_bottom":36}},"16630750417a02336f":{"type":"image-with-text","blocks":{"16630750417710e9be-0":{"type":"heading","settings":{"heading":"Silver Pakket","heading_size":"h1"}},"16630750417710e9be-2":{"type":"button","settings":{"button_label":"Reserveer nu","button_link":"shopify:\/\/products\/premium-pakket"}}},"block_order":["16630750417710e9be-0","16630750417710e9be-2"],"settings":{"image":"shopify:\/\/shop_images\/F912ED1E-1044-4662-B007-1F6405EF4557.jpg","height":"adapt","desktop_image_width":"medium","layout":"image_first","desktop_content_position":"top","desktop_content_alignment":"left","content_layout":"overlap","color_scheme":"background-1","mobile_content_alignment":"left","padding_top":36,"padding_bottom":0}},"16630752372fec651d":{"type":"image-with-text","blocks":{"16630752379e8b8863-0":{"type":"heading","settings":{"heading":"Gold Pakket","heading_size":"h1"}},"16630752379e8b8863-2":{"type":"button","settings":{"button_label":"Reserveer nu","button_link":"shopify:\/\/products\/luxe-pakket"}}},"block_order":["16630752379e8b8863-0","16630752379e8b8863-2"],"settings":{"image":"shopify:\/\/shop_images\/0BB7FDD0-290E-4BF3-969A-C520C10D2776.jpg","height":"adapt","desktop_image_width":"medium","layout":"image_first","desktop_content_position":"top","desktop_content_alignment":"left","content_layout":"overlap","color_scheme":"background-1","mobile_content_alignment":"left","padding_top":36,"padding_bottom":0}},"166307529916daeb84":{"type":"image-with-text","blocks":{"1663075299c6c18922-0":{"type":"heading","settings":{"heading":"Platinum pakket","heading_size":"h1"}},"1663075299c6c18922-2":{"type":"button","settings":{"button_label":"Reserveer nu","button_link":"shopify:\/\/products\/deluxe-pakket"}}},"block_order":["1663075299c6c18922-0","1663075299c6c18922-2"],"settings":{"image":"shopify:\/\/shop_images\/C513DEDC-5B70-482B-92B3-A3688CF38C13.jpg","height":"adapt","desktop_image_width":"medium","layout":"image_first","desktop_content_position":"top","desktop_content_alignment":"left","content_layout":"overlap","color_scheme":"background-1","mobile_content_alignment":"left","padding_top":36,"padding_bottom":36}},"166331846303c2d498":{"type":"collapsible-content","blocks":{"166331846373290548-0":{"type":"collapsible_row","settings":{"heading":"Lees verder ……","icon":"check_mark","row_content":"<p><\/p>","page":"organiseert-u-een-feest-waar-ook-kinderen-bij-aanwezig-zullen-zijn"}},"166331846373290548-1":{"type":"collapsible_row","disabled":true,"settings":{"heading":"Collapsible row","icon":"check_mark","row_content":"<p><\/p>","page":""}},"166331846373290548-2":{"type":"collapsible_row","disabled":true,"settings":{"heading":"Collapsible row","icon":"check_mark","row_content":"<p><\/p>","page":""}},"166331846373290548-3":{"type":"collapsible_row","disabled":true,"settings":{"heading":"Collapsible row","icon":"check_mark","row_content":"<p><\/p>","page":""}}},"block_order":["166331846373290548-0","166331846373290548-1","166331846373290548-2","166331846373290548-3"],"settings":{"caption":"","heading":"Organiseert u een feest waar ook kinderen bij aanwezig zullen zijn? Schakel de Event Playground Nl in!","heading_size":"h2","heading_alignment":"center","layout":"row","color_scheme":"accent-1","container_color_scheme":"background-1","open_first_collapsible_row":false,"image":"shopify:\/\/shop_images\/112AAB95-4AB8-4F24-B8E2-0C2FF0733E8F.jpg","image_ratio":"adapt","desktop_layout":"image_second","padding_top":36,"padding_bottom":36}},"video":{"type":"video","settings":{"heading":"Video","heading_size":"h2","cover_image":"shopify:\/\/shop_images\/41BDA069-79CB-4AA4-84E0-0D18285353D1.jpg","video_url":"https:\/\/youtu.be\/px7OnuWr27U","description":"","full_width":false,"color_scheme":"background-2","padding_top":28,"padding_bottom":40}},"1663609307f9aefbb2":{"type":"image-with-text","blocks":{"166360930746035377-0":{"type":"heading","disabled":true,"settings":{"heading":"Image with text","heading_size":"h1"}},"166360930746035377-1":{"type":"text","disabled":true,"settings":{"text":"<p>Pair text with an image to focus on your chosen product, collection, or blog post. Add details on availability, style, or even provide a review.<\/p>","text_style":"body"}},"166360930746035377-2":{"type":"button","disabled":true,"settings":{"button_label":"Button label","button_link":""}}},"block_order":["166360930746035377-0","166360930746035377-1","166360930746035377-2"],"settings":{"image":"shopify:\/\/shop_images\/E241E37E-AEF3-47A7-952A-5343E27D01C6.png","height":"adapt","desktop_image_width":"medium","layout":"image_first","desktop_content_position":"middle","desktop_content_alignment":"center","content_layout":"no-overlap","color_scheme":"accent-1","mobile_content_alignment":"left","padding_top":36,"padding_bottom":36}},"1ffd1123-12cf-467e-bb56-05f5c30a0a9e":{"type":"collapsible-content","blocks":{"template--14310536413233__1ffd1123-12cf-467e-bb56-05f5c30a0a9e-16658695550afb6dd4-0":{"type":"collapsible_row","settings":{"heading":"Hoeveel ruimte gaat de playground in beslag nemen?","icon":"question_mark","row_content":"<p>De playground neemt tussen de 20 m2 en 50 m2, het hangt af van de aantal artikelen die je erbij geboekt hebt<\/p>","page":""}},"template--14310536413233__1ffd1123-12cf-467e-bb56-05f5c30a0a9e-16658695550afb6dd4-1":{"type":"collapsible_row","settings":{"heading":"Voor hoelang kan je de playground minimaal huren?","icon":"question_mark","row_content":"<p>Als je de playground boekt, kan je een begin en eindtijd aangeven.<\/p>","page":""}},"template--14310536413233__1ffd1123-12cf-467e-bb56-05f5c30a0a9e-16658695550afb6dd4-2":{"type":"collapsible_row","settings":{"heading":"Hoeveel dagen van te voren kan ik de playground reserveren?","icon":"question_mark","row_content":"<p>Je kunt de Playground tot 10 dagen van te voren reserveren.<\/p>","page":""}},"template--14310536413233__1ffd1123-12cf-467e-bb56-05f5c30a0a9e-16658695550afb6dd4-3":{"type":"collapsible_row","settings":{"heading":"Wat is de levertijd en montage\/demontage tijd?","icon":"question_mark","row_content":"<p>2,5 uur voor je event, wordt de playground geleverd en vervolgens door ons opgebouwd. Op de aangegeven eindtijd wordt de playground weer afgebouwd. Dit kan 1,5 uur duren.<\/p>","page":""}},"fd8234d8-a35d-4b5e-bee3-b451d1b0dbc0":{"type":"collapsible_row","settings":{"heading":"Wat zijn de taken van de toezichthouder?","icon":"question_mark","row_content":"<p>De taken van de toezichthouder zijn: ervoor zorgen dat de spelelementen goed worden gebruikt. Dit betekent dat de toezichthouder geen oppas is. Wil je een nanny voor je event? Die kan je apart erbij boeken.<\/p>","page":""}},"8a2f8919-23b0-436c-a1d6-54bd42a5b7fe":{"type":"collapsible_row","settings":{"heading":"Is het ook mogelijke om losse spelelementen te huren?","icon":"question_mark","row_content":"<p>Nee,dat is helaas niet mogelijk.<\/p>","page":""}},"3fee855d-000d-4744-bb67-160a16d3e3f4":{"type":"collapsible_row","settings":{"heading":"Wat is de hoeveelheid kinderen die er tegelijk op kan spelen?","icon":"question_mark","row_content":"<p>Maximaal 10 kinderen, van 0-5 jaar, kunnen er tegelijkertijd op spelen.<\/p>","page":""}},"1faadb29-0195-4d89-8c64-308bceff726a":{"type":"collapsible_row","settings":{"heading":"Wat is jullie hygiënebeleid?","icon":"question_mark","row_content":"<p>De gereserveerde artikelen worden goed gereinigd voor en na gebruik.<\/p>","page":""}},"0f5cd4c2-f335-40c2-b616-e661d78cad68":{"type":"collapsible_row","settings":{"heading":"Welke regels zijn er bij jullie van toepassing?","icon":"question_mark","row_content":"<p> Je kan de playground niet betreden met eten, drinken en schoenen. Zowel voor kinderen als volwassenen.<\/p>","page":""}},"d9208a5f-05db-4391-861f-1259729aa0a1":{"type":"collapsible_row","settings":{"heading":"Wat is jullie personeelseisen betreft de nanny service?","icon":"question_mark","row_content":"<p>Ons Nanny’s beschikken over een gastouderdiploma of een andere kindgerichte opleiding. Daarnaast zijn ze in bezit van een verklaring omtrent gedrag en een diploma EHBO.<\/p>","page":""}}},"block_order":["template--14310536413233__1ffd1123-12cf-467e-bb56-05f5c30a0a9e-16658695550afb6dd4-0","template--14310536413233__1ffd1123-12cf-467e-bb56-05f5c30a0a9e-16658695550afb6dd4-1","template--14310536413233__1ffd1123-12cf-467e-bb56-05f5c30a0a9e-16658695550afb6dd4-2","template--14310536413233__1ffd1123-12cf-467e-bb56-05f5c30a0a9e-16658695550afb6dd4-3","fd8234d8-a35d-4b5e-bee3-b451d1b0dbc0","8a2f8919-23b0-436c-a1d6-54bd42a5b7fe","3fee855d-000d-4744-bb67-160a16d3e3f4","1faadb29-0195-4d89-8c64-308bceff726a","0f5cd4c2-f335-40c2-b616-e661d78cad68","d9208a5f-05db-4391-861f-1259729aa0a1"],"settings":{"caption":"","heading":"Vaak gestelde vragen","heading_size":"h1","heading_alignment":"center","layout":"row","color_scheme":"background-1","container_color_scheme":"background-2","open_first_collapsible_row":false,"image_ratio":"adapt","desktop_layout":"image_second","padding_top":36,"padding_bottom":36}},"d919e55a-903b-438b-8039-3ea4fefa2166":{"type":"slideshow","blocks":{"template--14310536413233__d919e55a-903b-438b-8039-3ea4fefa2166-1671561120adf1aa0f-0":{"type":"slide","settings":{"image":"shopify:\/\/shop_images\/3A55E5C7-CDB6-4E94-85C3-180E47F0D394.jpg","heading":"","heading_size":"h1","subheading":"","button_label":"","link":"","button_style_secondary":false,"box_align":"middle-center","show_text_box":true,"text_alignment":"center","image_overlay_opacity":0,"color_scheme":"background-1","text_alignment_mobile":"center"}},"template--14310536413233__d919e55a-903b-438b-8039-3ea4fefa2166-1671561120adf1aa0f-1":{"type":"slide","settings":{"image":"shopify:\/\/shop_images\/0227D267-5B3F-4A2E-B667-722FF3A0D65C.png","heading":"","heading_size":"h1","subheading":"","button_label":"","link":"","button_style_secondary":false,"box_align":"middle-center","show_text_box":true,"text_alignment":"center","image_overlay_opacity":0,"color_scheme":"background-1","text_alignment_mobile":"center"}},"12a0182d-7c9c-4a36-a3fd-ae3fde694230":{"type":"slide","settings":{"image":"shopify:\/\/shop_images\/C2A837E2-D5AB-49B5-9A5A-CCB7F9760D87.jpg","heading":"","heading_size":"h1","subheading":"","button_label":"","link":"","button_style_secondary":false,"box_align":"middle-center","show_text_box":true,"text_alignment":"center","image_overlay_opacity":0,"color_scheme":"background-1","text_alignment_mobile":"center"}},"50ea301a-0e01-4a75-9702-12e946e9a8eb":{"type":"slide","settings":{"image":"shopify:\/\/shop_images\/82EE583E-C594-48D1-ACED-7ACC22E005B4.jpg","heading":"","heading_size":"h1","subheading":"","button_label":"","link":"","button_style_secondary":false,"box_align":"middle-center","show_text_box":true,"text_alignment":"center","image_overlay_opacity":0,"color_scheme":"background-1","text_alignment_mobile":"center"}},"9e8dbf95-726a-413f-929d-aed19e262d32":{"type":"slide","settings":{"image":"shopify:\/\/shop_images\/ACD744BA-3ED5-4A3A-A6A0-56C47E3F613B.png","heading":"","heading_size":"h1","subheading":"","button_label":"","link":"","button_style_secondary":false,"box_align":"middle-center","show_text_box":true,"text_alignment":"center","image_overlay_opacity":0,"color_scheme":"background-1","text_alignment_mobile":"center"}}},"block_order":["template--14310536413233__d919e55a-903b-438b-8039-3ea4fefa2166-1671561120adf1aa0f-0","template--14310536413233__d919e55a-903b-438b-8039-3ea4fefa2166-1671561120adf1aa0f-1","12a0182d-7c9c-4a36-a3fd-ae3fde694230","50ea301a-0e01-4a75-9702-12e946e9a8eb","9e8dbf95-726a-413f-929d-aed19e262d32"],"settings":{"layout":"full_bleed","slide_height":"adapt_image","slider_visual":"counter","auto_rotate":true,"change_slides_speed":5,"show_text_below":true,"accessibility_info":"Slideshow about our brand"}}},"order":["41ff5a93-d4dc-4502-832f-68d2336fe662","rich_text","collage-0","collage","featured-blog","newsletter","166281427682a7c53a","16630750417a02336f","16630752372fec651d","166307529916daeb84","166331846303c2d498","video","1663609307f9aefbb2","1ffd1123-12cf-467e-bb56-05f5c30a0a9e","d919e55a-903b-438b-8039-3ea4fefa2166"]}