{"sections":{"main":{"type":"main-page","settings":{"padding_top":60,"padding_bottom":36}},"newsletter":{"type":"newsletter","blocks":{"heading":{"type":"heading","disabled":true,"settings":{"heading":"Subscribe to our emails","heading_size":"h1"}},"paragraph":{"type":"paragraph","disabled":true,"settings":{"text":"<p>Subscribe to our mailing list for insider news, product launches, and more.<\/p>"}},"email-form":{"type":"email_form","disabled":true,"settings":{}}},"block_order":["heading","paragraph","email-form"],"settings":{"color_scheme":"accent-1","full_width":true,"padding_top":64,"padding_bottom":52}}},"order":["main","newsletter"]}