{"sections":{"main":{"type":"main-page","settings":{"padding_top":36,"padding_bottom":88}},"newsletter":{"type":"newsletter","disabled":true,"blocks":{"heading":{"type":"heading","disabled":true,"settings":{"heading":"Subscribe to our emails","heading_size":"h1"}},"paragraph":{"type":"paragraph","disabled":true,"settings":{"text":"<p>Subscribe to our mailing list for insider news, product launches, and more.<\/p>"}},"email-form":{"type":"email_form","disabled":true,"settings":{}}},"block_order":["heading","paragraph","email-form"],"settings":{"color_scheme":"accent-1","full_width":true,"padding_top":64,"padding_bottom":52}},"e006849f-2526-4cbb-be3f-9c25512d1b11":{"type":"featured-product","disabled":true,"blocks":{"template--14310536511537__e006849f-2526-4cbb-be3f-9c25512d1b11-1666190475893e2d36-0":{"type":"text","settings":{"text":"{{ section.settings.product.vendor }}","text_style":"uppercase"}},"template--14310536511537__e006849f-2526-4cbb-be3f-9c25512d1b11-1666190475893e2d36-1":{"type":"title","settings":{"heading_size":"h1"}},"template--14310536511537__e006849f-2526-4cbb-be3f-9c25512d1b11-1666190475893e2d36-2":{"type":"text","settings":{"text":"{{ section.settings.product.metafields.descriptors.subtitle.value }}","text_style":"subtitle"}},"template--14310536511537__e006849f-2526-4cbb-be3f-9c25512d1b11-1666190475893e2d36-3":{"type":"price","settings":{}},"template--14310536511537__e006849f-2526-4cbb-be3f-9c25512d1b11-1666190475893e2d36-4":{"type":"variant_picker","settings":{"picker_type":"button"}},"template--14310536511537__e006849f-2526-4cbb-be3f-9c25512d1b11-1666190475893e2d36-5":{"type":"quantity_selector","settings":{}},"template--14310536511537__e006849f-2526-4cbb-be3f-9c25512d1b11-1666190475893e2d36-6":{"type":"buy_buttons","settings":{"show_dynamic_checkout":true}},"template--14310536511537__e006849f-2526-4cbb-be3f-9c25512d1b11-1666190475893e2d36-7":{"type":"share","settings":{"share_label":"Share"}}},"block_order":["template--14310536511537__e006849f-2526-4cbb-be3f-9c25512d1b11-1666190475893e2d36-0","template--14310536511537__e006849f-2526-4cbb-be3f-9c25512d1b11-1666190475893e2d36-1","template--14310536511537__e006849f-2526-4cbb-be3f-9c25512d1b11-1666190475893e2d36-2","template--14310536511537__e006849f-2526-4cbb-be3f-9c25512d1b11-1666190475893e2d36-3","template--14310536511537__e006849f-2526-4cbb-be3f-9c25512d1b11-1666190475893e2d36-4","template--14310536511537__e006849f-2526-4cbb-be3f-9c25512d1b11-1666190475893e2d36-5","template--14310536511537__e006849f-2526-4cbb-be3f-9c25512d1b11-1666190475893e2d36-6","template--14310536511537__e006849f-2526-4cbb-be3f-9c25512d1b11-1666190475893e2d36-7"],"settings":{"product":"playground-basis-pakket","color_scheme":"background-1","secondary_background":false,"hide_variants":false,"enable_video_looping":false,"padding_top":36,"padding_bottom":36}},"166353388838210e78":{"type":"collapsible-content","blocks":{"1663533888dc4f7856-0":{"type":"collapsible_row","settings":{"heading":"Hoeveel ruimte gaat de playground in beslag nemen?","icon":"question_mark","row_content":"<p><em><strong>De playground neemt tussen de 20 m2 en 50 m2,het hangt af van de aantal artikelen die je erbij geboekt hebt.<\/strong><\/em><\/p>","page":""}},"1663533888dc4f7856-1":{"type":"collapsible_row","settings":{"heading":"Voor hoelang kan je de playground minimaal huren?","icon":"question_mark","row_content":"<p><em><strong>Als je de playground boekt, kan je een begin en eindtijd aangeven.<\/strong><\/em><\/p>","page":""}},"1663533888dc4f7856-2":{"type":"collapsible_row","settings":{"heading":"Hoeveel dagen van te voren kan ik de playground reserveren?","icon":"question_mark","row_content":"<p><em><strong>Je kunt de Playground tot 10 dagen van te voren reserveren.<\/strong><\/em><\/p>","page":""}},"1663533888dc4f7856-3":{"type":"collapsible_row","settings":{"heading":"Wat is de levertijd en montage\/demontage tijd?","icon":"question_mark","row_content":"<p><em><strong>2,5 uur voor je event, wordt de playground geleverd en vervolgens door ons opgebouwd. Op de aangegeven eindtijd wordt de playground weer afgebouwd. Dit kan 1,5 uur duren.<\/strong><\/em><\/p>","page":""}},"c1e93305-1519-48e4-92eb-64dcc4c99c00":{"type":"collapsible_row","settings":{"heading":"Wat zijn de taken van de toezichthouder?","icon":"question_mark","row_content":"<p><em><strong>De taken van de toezichthouder zijn: ervoor zorgen dat de spelelementen goed worden gebruikt. Dit betekent dat de toezichthouder geen oppas is. Wil je een nanny voor je event? Die kan je apart erbij boeken.<\/strong><\/em><\/p>","page":""}},"0651051b-3db7-441a-ad54-5b144f44a526":{"type":"collapsible_row","settings":{"heading":"Is het ook mogelijke om losse spelelementen te huren?","icon":"question_mark","row_content":"<p><em><strong>Nee,dat is helaas niet mogelijk.<\/strong><\/em><\/p>","page":""}},"06b60949-dbee-48db-b2ca-4a87a4f119cf":{"type":"collapsible_row","settings":{"heading":"Wat is de hoeveelheid kinderen die er tegelijk op kan spelen?","icon":"question_mark","row_content":"<p><em><strong>Maximaal 10 kinderen, van 0-5 jaar, kunnen er tegelijkertijd op spelen.<\/strong><\/em><\/p>","page":""}},"b28c6204-a372-4c98-9b41-bf85be19f633":{"type":"collapsible_row","settings":{"heading":"Wat is jullie hygiënebeleid?","icon":"question_mark","row_content":"<p><em><strong>De gereserveerde artikelen worden goed gereinigd voor en na gebruik.<\/strong><\/em><\/p>","page":""}},"b6d25b33-ca80-4094-99c8-bb0ca8d944ec":{"type":"collapsible_row","settings":{"heading":"Welke regels zijn er bij jullie van toepassing?","icon":"question_mark","row_content":"<p><em><strong> Je kan de playground niet betreden met eten, drinken en schoenen. Zowel voor kinderen als volwassenen.<\/strong><\/em><\/p>","page":""}}},"block_order":["1663533888dc4f7856-0","1663533888dc4f7856-1","1663533888dc4f7856-2","1663533888dc4f7856-3","c1e93305-1519-48e4-92eb-64dcc4c99c00","0651051b-3db7-441a-ad54-5b144f44a526","06b60949-dbee-48db-b2ca-4a87a4f119cf","b28c6204-a372-4c98-9b41-bf85be19f633","b6d25b33-ca80-4094-99c8-bb0ca8d944ec"],"settings":{"caption":"","heading":"Hieronder treft u de meeste gestelde vragen door onze klanten.","heading_size":"h1","heading_alignment":"center","layout":"row","color_scheme":"background-1","container_color_scheme":"background-2","open_first_collapsible_row":false,"image_ratio":"adapt","desktop_layout":"image_second","padding_top":36,"padding_bottom":36}}},"order":["main","newsletter","e006849f-2526-4cbb-be3f-9c25512d1b11","166353388838210e78"]}