{"sections":{"main":{"type":"main-product","blocks":{"text":{"type":"text","settings":{"text":"{{ product.vendor }}","text_style":"body"}},"title":{"type":"title","settings":{}},"caption":{"type":"text","settings":{"text":"{{ product.metafields.descriptors.subtitle.value }}","text_style":"subtitle"}},"price":{"type":"price","settings":{}},"variant_picker":{"type":"variant_picker","settings":{"picker_type":"dropdown"}},"quantity_selector":{"type":"quantity_selector","settings":{}},"buy_buttons":{"type":"buy_buttons","settings":{"show_dynamic_checkout":false}},"description":{"type":"description","settings":{}},"share":{"type":"share","settings":{"share_label":"Delen"}},"collapsible-tab-0":{"type":"collapsible_tab","disabled":true,"settings":{"heading":"Materials","icon":"clipboard","content":"","page":""}},"collapsible-tab-1":{"type":"collapsible_tab","disabled":true,"settings":{"heading":"Dimensions","icon":"ruler","content":"","page":""}},"collapsible-tab-2":{"type":"collapsible_tab","disabled":true,"settings":{"heading":"Care information","icon":"heart","content":"","page":""}},"09200e73-eecd-4c27-8d95-a0ccf737cbfd":{"type":"rating","settings":{}}},"block_order":["text","title","caption","price","variant_picker","quantity_selector","buy_buttons","description","share","collapsible-tab-0","collapsible-tab-1","collapsible-tab-2","09200e73-eecd-4c27-8d95-a0ccf737cbfd"],"settings":{"enable_sticky_info":true,"gallery_layout":"stacked","media_size":"small","mobile_thumbnails":"hide","hide_variants":false,"enable_video_looping":false,"padding_top":36,"padding_bottom":44}},"image-with-text":{"type":"image-with-text","disabled":true,"blocks":{"heading":{"type":"heading","disabled":true,"settings":{"heading":"wist je dat je bij ons ook een nanny kunt bij boeken?","heading_size":"h2"}},"text":{"type":"text","disabled":true,"settings":{"text":"<p>een nanny bij boeken om toezicht op kinderen te kunnen houden , ouders chillen alle Nanyns vog verklaring met pedagogische achtergrond . <br\/>1 nanny per 5 kinderen <\/p>","text_style":"body"}},"button":{"type":"button","settings":{"button_label":"Button label","button_link":""}}},"block_order":["heading","text","button"],"settings":{"image":"shopify:\/\/shop_images\/2832D59B-6D6A-41A2-AE90-6FCFB272D6DE.png","height":"adapt","desktop_image_width":"medium","layout":"text_first","desktop_content_position":"top","desktop_content_alignment":"left","content_layout":"no-overlap","color_scheme":"inverse","mobile_content_alignment":"left","padding_top":36,"padding_bottom":48}},"main-product-recommendations":{"type":"product-recommendations","disabled":true,"settings":{"heading":"You may also like","heading_size":"h2","products_to_show":4,"columns_desktop":4,"color_scheme":"background-1","image_ratio":"square","show_secondary_image":false,"show_vendor":false,"show_rating":false,"columns_mobile":"2","padding_top":36,"padding_bottom":68}},"newsletter":{"type":"newsletter","disabled":true,"blocks":{"heading":{"type":"heading","disabled":true,"settings":{"heading":"Subscribe to our emails","heading_size":"h1"}},"paragraph":{"type":"paragraph","disabled":true,"settings":{"text":"<p>Subscribe to our mailing list for insider news, product launches, and more.<\/p>"}},"email-form":{"type":"email_form","disabled":true,"settings":{}}},"block_order":["heading","paragraph","email-form"],"settings":{"color_scheme":"accent-1","full_width":true,"padding_top":64,"padding_bottom":52}},"166275689308a93f0b":{"type":"image-banner","disabled":true,"blocks":{"1662756893d63ffc9b-0":{"type":"heading","disabled":true,"settings":{"heading":"Image banner","heading_size":"h1"}},"1662756893d63ffc9b-1":{"type":"text","disabled":true,"settings":{"text":"Give customers details about the banner image(s) or content on the template.","text_style":"body"}},"1662756893d63ffc9b-2":{"type":"buttons","disabled":true,"settings":{"button_label_1":"Button label","button_link_1":"","button_style_secondary_1":false,"button_label_2":"Button label","button_link_2":"","button_style_secondary_2":false}}},"block_order":["1662756893d63ffc9b-0","1662756893d63ffc9b-1","1662756893d63ffc9b-2"],"settings":{"image":"shopify:\/\/shop_images\/41BDA069-79CB-4AA4-84E0-0D18285353D1.jpg","image_2":"shopify:\/\/shop_images\/1BA4E81B-2305-4A10-947F-863EF483D2F6.jpg","image_overlay_opacity":0,"image_height":"medium","adapt_height_first_image":false,"desktop_content_position":"middle-center","show_text_box":true,"desktop_content_alignment":"center","color_scheme":"background-1","mobile_content_alignment":"center","stack_images_on_mobile":true,"show_text_below":true}}},"order":["main","image-with-text","main-product-recommendations","newsletter","166275689308a93f0b"]}