{"current":{"colors_solid_button_labels":"#252525","colors_accent_1":"#ece5e5","gradient_accent_1":"","colors_accent_2":"#f1e8e8","gradient_accent_2":"","colors_text":"#252525","colors_outline_button_labels":"#505655","colors_background_1":"#ffffff","gradient_background_1":"","colors_background_2":"#ffffff","gradient_background_2":"","type_header_font":"americana_n7","heading_scale":100,"type_body_font":"libre_franklin_n4","body_scale":105,"page_width":1100,"spacing_sections":4,"spacing_grid_horizontal":20,"spacing_grid_vertical":20,"buttons_border_thickness":6,"buttons_border_opacity":100,"buttons_radius":6,"buttons_shadow_opacity":20,"buttons_shadow_horizontal_offset":0,"buttons_shadow_vertical_offset":4,"buttons_shadow_blur":5,"variant_pills_border_thickness":1,"variant_pills_border_opacity":55,"variant_pills_radius":40,"variant_pills_shadow_opacity":45,"variant_pills_shadow_horizontal_offset":0,"variant_pills_shadow_vertical_offset":4,"variant_pills_shadow_blur":5,"inputs_border_thickness":1,"inputs_border_opacity":55,"inputs_radius":6,"inputs_shadow_opacity":0,"inputs_shadow_horizontal_offset":0,"inputs_shadow_vertical_offset":4,"inputs_shadow_blur":5,"card_style":"card","card_image_padding":0,"card_text_alignment":"left","card_color_scheme":"background-1","card_border_thickness":11,"card_border_opacity":10,"card_corner_radius":6,"card_shadow_opacity":0,"card_shadow_horizontal_offset":0,"card_shadow_vertical_offset":4,"card_shadow_blur":5,"text_boxes_border_thickness":0,"text_boxes_border_opacity":10,"text_boxes_radius":6,"text_boxes_shadow_opacity":0,"text_boxes_shadow_horizontal_offset":0,"text_boxes_shadow_vertical_offset":4,"text_boxes_shadow_blur":5,"media_border_thickness":10,"media_border_opacity":10,"media_radius":8,"media_shadow_opacity":15,"media_shadow_horizontal_offset":0,"media_shadow_vertical_offset":-2,"media_shadow_blur":5,"popup_border_thickness":1,"popup_border_opacity":50,"popup_corner_radius":6,"popup_shadow_opacity":0,"popup_shadow_horizontal_offset":0,"popup_shadow_vertical_offset":4,"popup_shadow_blur":5,"drawer_border_thickness":5,"drawer_border_opacity":20,"drawer_shadow_opacity":0,"drawer_shadow_horizontal_offset":-10,"drawer_shadow_vertical_offset":-14,"drawer_shadow_blur":5,"badge_position":"bottom left","badge_corner_radius":4,"sale_badge_color_scheme":"background-2","sold_out_badge_color_scheme":"inverse","accent_icons":"outline-button","social_twitter_link":"","social_facebook_link":"https:\/\/m.facebook.com\/108215838697961\/","social_pinterest_link":"","social_instagram_link":"https:\/\/instagram.com\/eventplayground_nl?igshid=YmMyMTA2M2Y=","social_tiktok_link":"","social_tumblr_link":"","social_snapchat_link":"","social_youtube_link":"","social_vimeo_link":"","predictive_search_enabled":false,"predictive_search_show_vendor":false,"predictive_search_show_price":true,"currency_code_enabled":true,"cart_type":"notification","show_vendor":false,"show_cart_note":true,"cart_drawer_collection":"","checkout_header_image":"shopify:\/\/shop_images\/112AAB95-4AB8-4F24-B8E2-0C2FF0733E8F.jpg","checkout_body_background_color":"#f1e8e8","checkout_input_background_color_mode":"transparent","checkout_sidebar_background_color":"#e2d8d8","checkout_body_font":"-apple-system, BlinkMacSystemFont, 'Segoe UI', Roboto, Helvetica, Arial, sans-serif, 'Apple Color Emoji', 'Segoe UI Emoji', 'Segoe UI Symbol'","checkout_accent_color":"#eb8b8b","checkout_button_color":"#ecaeae","sections":{"announcement-bar":{"type":"announcement-bar","blocks":{"announcement-bar-0":{"type":"announcement","settings":{"text":"Welkom bij Event Playground NL!","color_scheme":"background-2","link":""}},"1d874b72-9980-43eb-bc95-1b2906c1959b":{"type":"announcement","settings":{"text":"Januari & februari 2023 25% korting op je totale reservering 6D1KX6RSR6YP","color_scheme":"accent-1","link":""}},"e9121053-7dec-4a9d-bc72-cef069ec60cf":{"type":"announcement","disabled":true,"settings":{"text":"Welcome to our store","color_scheme":"accent-1","link":""}}},"block_order":["announcement-bar-0","1d874b72-9980-43eb-bc95-1b2906c1959b","e9121053-7dec-4a9d-bc72-cef069ec60cf"],"settings":{}},"header":{"type":"header","settings":{"color_scheme":"accent-2","logo":"shopify:\/\/shop_images\/3AAC13DF-0B96-4AD5-8413-5F670E3F5420.jpg","logo_width":130,"logo_position":"top-center","menu":"main-menu","menu_type_desktop":"mega","show_line_separator":true,"enable_sticky_header":false,"margin_bottom":0,"padding_top":4,"padding_bottom":4}},"footer":{"type":"footer","blocks":{"text":{"type":"text","settings":{"heading":"Neem gerust contact met ons op!","subtext":"<p>Neem gerust contact met ons op als u nog vragen heeft.<\/p><p>Wij zijn dagelijks van 9:00 tot 18:00 uur telefonisch bereikbaar op Telefoonnummer:<\/p><p>085 0604485<\/p><p>U kunt ook met ons chatten,berichten via Instagram of een e-mail versturen.<\/p>"}},"16642ee5-5248-4784-a5b7-7f6074adde74":{"type":"text","settings":{"heading":"Contact Informatie","subtext":"<p><em>Event Playground NL<\/em><\/p><p><em>Houtrijkstraat 369<\/em><\/p><p><em>1013VB Amsterdam <\/em><\/p><p><em>KVK NR: 88156915<\/em><\/p><p><em>085 0604485<\/em><\/p><p><em>info@eventplaygroundnl.com<\/em><\/p>"}}},"block_order":["text","16642ee5-5248-4784-a5b7-7f6074adde74"],"settings":{"color_scheme":"accent-1","newsletter_enable":true,"newsletter_heading":"Schrijf je in voor onze nieuwsbrief en krijg 50€ korting op uw eerste boeking","show_social":true,"enable_country_selector":true,"enable_language_selector":true,"payment_enable":true,"margin_top":0,"padding_top":36,"padding_bottom":36}},"main-password-header":{"type":"main-password-header","settings":{"logo":"{{ shop.brand.logo }}","logo_max_width":100,"color_scheme":"background-1"}},"main-password-footer":{"type":"main-password-footer","settings":{"color_scheme":"background-1"}}},"content_for_index":[],"blocks":{"12654720250257946533":{"type":"shopify:\/\/apps\/bookthatapp\/blocks\/app-embed\/447b4be3-b8e8-4347-959f-d9a05d4b2d5d","disabled":false,"settings":{"widget_type_1":"none","widget_position_1":"bottom_right","widget_type_2":"none","widget_position_2":"bottom_left","rich_snippets":"disabled"}}}},"presets":{"Default":{"colors_solid_button_labels":"#EFECEC","colors_accent_1":"#2C332F","gradient_accent_1":"","colors_accent_2":"#3F5147","gradient_accent_2":"","colors_text":"#252525","colors_outline_button_labels":"#505655","colors_background_1":"#EFECEC","gradient_background_1":"","colors_background_2":"#FFFFFF","gradient_background_2":"","type_header_font":"americana_n4","heading_scale":100,"type_body_font":"quattrocento_sans_n4","body_scale":100,"page_width":1200,"spacing_sections":0,"spacing_grid_horizontal":20,"spacing_grid_vertical":20,"buttons_border_thickness":1,"buttons_border_opacity":100,"buttons_radius":6,"buttons_shadow_opacity":0,"buttons_shadow_horizontal_offset":0,"buttons_shadow_vertical_offset":4,"buttons_shadow_blur":5,"variant_pills_border_thickness":1,"variant_pills_border_opacity":55,"variant_pills_radius":40,"variant_pills_shadow_opacity":0,"variant_pills_shadow_horizontal_offset":0,"variant_pills_shadow_vertical_offset":4,"variant_pills_shadow_blur":5,"inputs_border_thickness":1,"inputs_border_opacity":55,"inputs_radius":6,"inputs_shadow_opacity":0,"inputs_shadow_horizontal_offset":0,"inputs_shadow_vertical_offset":4,"inputs_shadow_blur":5,"card_style":"card","card_image_padding":0,"card_text_alignment":"left","card_color_scheme":"background-1","card_border_thickness":1,"card_border_opacity":10,"card_corner_radius":6,"card_shadow_opacity":0,"card_shadow_horizontal_offset":0,"card_shadow_vertical_offset":4,"card_shadow_blur":5,"text_boxes_border_thickness":0,"text_boxes_border_opacity":10,"text_boxes_radius":6,"text_boxes_shadow_opacity":0,"text_boxes_shadow_horizontal_offset":0,"text_boxes_shadow_vertical_offset":4,"text_boxes_shadow_blur":5,"media_border_thickness":0,"media_border_opacity":10,"media_radius":6,"media_shadow_opacity":0,"media_shadow_horizontal_offset":0,"media_shadow_vertical_offset":4,"media_shadow_blur":5,"popup_border_thickness":1,"popup_border_opacity":50,"popup_corner_radius":6,"popup_shadow_opacity":0,"popup_shadow_horizontal_offset":0,"popup_shadow_vertical_offset":4,"popup_shadow_blur":5,"drawer_border_thickness":1,"drawer_border_opacity":10,"drawer_shadow_opacity":0,"drawer_shadow_horizontal_offset":0,"drawer_shadow_vertical_offset":4,"drawer_shadow_blur":5,"badge_position":"bottom left","badge_corner_radius":6,"sale_badge_color_scheme":"accent-2","sold_out_badge_color_scheme":"inverse","accent_icons":"text","social_twitter_link":"","social_facebook_link":"","social_pinterest_link":"","social_instagram_link":"","social_tiktok_link":"","social_tumblr_link":"","social_snapchat_link":"","social_youtube_link":"","social_vimeo_link":"","predictive_search_enabled":true,"predictive_search_show_vendor":false,"predictive_search_show_price":true,"currency_code_enabled":true,"cart_type":"notification","show_vendor":false,"show_cart_note":false,"sections":{"announcement-bar":{"type":"announcement-bar","blocks":{"announcement-bar-0":{"type":"announcement","settings":{"text":"Welcome to our store","color_scheme":"accent-1","link":""}}},"block_order":["announcement-bar-0"],"settings":{}},"header":{"type":"header","settings":{"color_scheme":"background-1","logo":"{{ shop.brand.logo }}","logo_width":100,"logo_position":"top-center","menu":"main-menu","show_line_separator":false,"enable_sticky_header":false,"margin_bottom":0,"padding_top":20,"padding_bottom":20}},"footer":{"type":"footer","blocks":{"link-list":{"type":"link_list","settings":{"heading":"Quick links","menu":"footer"}},"text":{"type":"text","settings":{"heading":"Heading","subtext":"<p>Share contact information, store details, and brand content with your customers.<\/p>"}}},"block_order":["link-list","text"],"settings":{"color_scheme":"accent-1","newsletter_enable":false,"newsletter_heading":"Subscribe to our emails","show_social":false,"enable_country_selector":true,"enable_language_selector":true,"payment_enable":true,"margin_top":0,"padding_top":36,"padding_bottom":36}},"main-password-header":{"type":"main-password-header","settings":{"logo":"{{ shop.brand.logo }}","logo_max_width":100,"color_scheme":"background-1"}},"main-password-footer":{"type":"main-password-footer","settings":{"color_scheme":"background-1"}}}}}}